{"actor_loss":-0.18258029222488403,"_step":90,"_runtime":564,"entropy":2.5372155557076135,"_timestamp":1.7575538281026678e+09,"critic_loss":0.00017923145787790418,"episode":91,"baseline":0,"annualized_return_pct":-0.3616187753075928,"_wandb":{"runtime":564}}