{"actor_loss":-0.1840461790561676,"_runtime":969,"entropy":3.496182014544805,"_wandb":{"runtime":969},"episode":21,"_step":20,"baseline":0,"_timestamp":1.7575733413405435e+09,"critic_loss":0.028283771127462387,"annualized_return_pct":-1.6214769263692363}