{"critic_loss":0.0005236674332991242,"_wandb":{"runtime":387},"_runtime":387,"_step":66,"annualized_return_pct":22.633420073988873,"entropy":1.9632227346301079,"episode":67,"actor_loss":-0.1407269835472107,"_timestamp":1.7575529738394547e+09}